Diffusion.Coefficient;example.distribution
       0;0,000000e+00
   10000;0,000000e+00
   20000;0,000000e+00
   30000;0,000000e+00
   40000;0,000000e+00
   50000;0,000000e+00
   60000;0,000000e+00
   70000;0,000000e+00
   80000;0,000000e+00
   90000;0,000000e+00
  100000;0,000000e+00
  110000;0,000000e+00
  120000;0,000000e+00
  130000;0,000000e+00
  140000;0,000000e+00
  150000;0,000000e+00
  160000;0,000000e+00
  170000;0,000000e+00
  180000;0,000000e+00
  190000;0,000000e+00
  200000;0,000000e+00
  210000;0,000000e+00
  220000;0,000000e+00
  230000;0,000000e+00
  240000;0,000000e+00
  250000;0,000000e+00
  260000;0,000000e+00
  270000;0,000000e+00
  280000;0,000000e+00
  290000;0,000000e+00
  300000;0,000000e+00
  310000;0,000000e+00
  320000;0,000000e+00
  330000;0,000000e+00
  340000;0,000000e+00
  350000;0,000000e+00
  360000;0,000000e+00
  370000;0,000000e+00
  380000;0,000000e+00
  390000;0,000000e+00
  400000;0,000000e+00
  410000;0,000000e+00
  420000;0,000000e+00
  430000;0,000000e+00
  440000;0,000000e+00
  450000;0,000000e+00
  460000;0,000000e+00
  470000;0,000000e+00
  480000;0,000000e+00
  490000;0,000000e+00
  500000;0,000000e+00
  510000;0,000000e+00
  520000;0,000000e+00
  530000;0,000000e+00
  540000;0,000000e+00
  550000;0,000000e+00
  560000;0,000000e+00
  570000;0,000000e+00
  580000;0,000000e+00
  590000;0,000000e+00
  600000;0,000000e+00
  610000;0,000000e+00
  620000;2,278090e-07
  630000;4,556180e-07
  640000;9,112350e-07
  650000;1,822470e-06
  660000;3,189320e-06
  670000;5,239600e-06
  680000;8,428930e-06
  690000;1,321290e-05
  700000;2,004720e-05
  710000;2,938730e-05
  720000;4,168900e-05
  730000;5,763560e-05
  740000;7,768280e-05
  750000;1,018310e-04
  760000;1,305340e-04
  770000;1,635670e-04
  780000;2,009270e-04
  790000;2,421610e-04
  800000;2,870390e-04
  810000;3,353350e-04
  820000;3,868190e-04
  830000;4,412660e-04
  840000;4,989010e-04
  850000;5,599540e-04
  860000;6,246520e-04
  870000;6,939060e-04
  880000;7,683990e-04
  890000;8,488160e-04
  900000;9,367500e-04
  910000;1,033341e-03
  920000;1,140639e-03
  930000;1,260466e-03
  940000;1,395101e-03
  950000;1,547506e-03
  960000;1,720640e-03
  970000;1,917923e-03
  980000;2,142770e-03
  990000;2,398599e-03
 1000000;2,689056e-03
 1010000;3,017784e-03
 1020000;3,387745e-03
 1030000;3,801902e-03
 1040000;4,262759e-03
 1050000;4,772140e-03
 1060000;5,331411e-03
 1070000;5,941255e-03
 1080000;6,601673e-03
 1090000;7,312209e-03
 1100000;8,071723e-03
 1110000;8,879078e-03
 1120000;9,732222e-03
 1130000;1,062911e-02
 1140000;1,156745e-02
 1150000;1,254498e-02
 1160000;1,355918e-02
 1170000;1,460802e-02
 1180000;1,568920e-02
 1190000;1,680090e-02
 1200000;1,794131e-02
 1210000;1,910929e-02
 1220000;2,030415e-02
 1230000;2,152520e-02
 1240000;2,277246e-02
 1250000;2,404614e-02
 1260000;2,534715e-02
 1270000;2,667642e-02
 1280000;2,803530e-02
 1290000;2,942539e-02
 1300000;3,084805e-02
 1310000;3,230512e-02
 1320000;3,379795e-02
 1330000;3,532814e-02
 1340000;3,689683e-02
 1350000;3,850539e-02
 1360000;4,015473e-02
 1370000;4,184575e-02
 1380000;4,357938e-02
 1390000;4,535606e-02
 1400000;4,717694e-02
 1410000;4,904292e-02
 1420000;5,095537e-02
 1430000;5,291590e-02
 1440000;5,492677e-02
 1450000;5,699026e-02
 1460000;5,910956e-02
 1470000;6,128787e-02
 1480000;6,352883e-02
 1490000;6,583608e-02
 1500000;6,821349e-02
 1510000;7,066494e-02
 1520000;7,319362e-02
 1530000;7,580271e-02
 1540000;7,849496e-02
 1550000;8,127218e-02
 1560000;8,413550e-02
 1570000;8,708563e-02
 1580000;9,012187e-02
 1590000;9,324307e-02
 1600000;9,644743e-02
 1610000;9,973198e-02
 1620000;1,030938e-01
 1630000;1,065287e-01
 1640000;1,100328e-01
 1650000;1,136019e-01
 1660000;1,172313e-01
 1670000;1,209166e-01
 1680000;1,246536e-01
 1690000;1,284382e-01
 1700000;1,322665e-01
 1710000;1,361354e-01
 1720000;1,400418e-01
 1730000;1,439834e-01
 1740000;1,479580e-01
 1750000;1,519642e-01
 1760000;1,560010e-01
 1770000;1,600674e-01
 1780000;1,641632e-01
 1790000;1,682886e-01
 1800000;1,724438e-01
 1810000;1,766293e-01
 1820000;1,808461e-01
 1830000;1,850947e-01
 1840000;1,893764e-01
 1850000;1,936922e-01
 1860000;1,980429e-01
 1870000;2,024296e-01
 1880000;2,068532e-01
 1890000;2,113144e-01
 1900000;2,158140e-01
 1910000;2,203524e-01
 1920000;2,249298e-01
 1930000;2,295466e-01
 1940000;2,342023e-01
 1950000;2,388968e-01
 1960000;2,436293e-01
 1970000;2,483989e-01
 1980000;2,532045e-01
 1990000;2,580450e-01
 2000000;2,629185e-01
 2010000;2,678230e-01
 2020000;2,727567e-01
 2030000;2,777170e-01
 2040000;2,827017e-01
 2050000;2,877080e-01
 2060000;2,927330e-01
 2070000;2,977740e-01
 2080000;3,028279e-01
 2090000;3,078919e-01
 2100000;3,129624e-01
 2110000;3,180367e-01
 2120000;3,231116e-01
 2130000;3,281842e-01
 2140000;3,332516e-01
 2150000;3,383107e-01
 2160000;3,433592e-01
 2170000;3,483942e-01
 2180000;3,534138e-01
 2190000;3,584153e-01
 2200000;3,633970e-01
 2210000;3,683571e-01
 2220000;3,732940e-01
 2230000;3,782062e-01
 2240000;3,830927e-01
 2250000;3,879521e-01
 2260000;3,927837e-01
 2270000;3,975868e-01
 2280000;4,023610e-01
 2290000;4,071058e-01
 2300000;4,118212e-01
 2310000;4,165070e-01
 2320000;4,211632e-01
 2330000;4,257900e-01
 2340000;4,303879e-01
 2350000;4,349570e-01
 2360000;4,394980e-01
 2370000;4,440111e-01
 2380000;4,484971e-01
 2390000;4,529564e-01
 2400000;4,573901e-01
 2410000;4,617984e-01
 2420000;4,661823e-01
 2430000;4,705426e-01
 2440000;4,748799e-01
 2450000;4,791950e-01
 2460000;4,834885e-01
 2470000;4,877613e-01
 2480000;4,920140e-01
 2490000;4,962474e-01
 2500000;5,004621e-01
 2510000;5,046586e-01
 2520000;5,088375e-01
 2530000;5,129993e-01
 2540000;5,171446e-01
 2550000;5,212736e-01
 2560000;5,253869e-01
 2570000;5,294847e-01
 2580000;5,335673e-01
 2590000;5,376348e-01
 2600000;5,416873e-01
 2610000;5,457250e-01
 2620000;5,497479e-01
 2630000;5,537557e-01
 2640000;5,577485e-01
 2650000;5,617261e-01
 2660000;5,656881e-01
 2670000;5,696344e-01
 2680000;5,735644e-01
 2690000;5,774779e-01
 2700000;5,813743e-01
 2710000;5,852532e-01
 2720000;5,891142e-01
 2730000;5,929564e-01
 2740000;5,967792e-01
 2750000;6,005825e-01
 2760000;6,043653e-01
 2770000;6,081269e-01
 2780000;6,118668e-01
 2790000;6,155844e-01
 2800000;6,192790e-01
 2810000;6,229497e-01
 2820000;6,265962e-01
 2830000;6,302177e-01
 2840000;6,338137e-01
 2850000;6,373837e-01
 2860000;6,409270e-01
 2870000;6,444432e-01
 2880000;6,479317e-01
 2890000;6,513919e-01
 2900000;6,548236e-01
 2910000;6,582266e-01
 2920000;6,616002e-01
 2930000;6,649442e-01
 2940000;6,682586e-01
 2950000;6,715429e-01
 2960000;6,747972e-01
 2970000;6,780211e-01
 2980000;6,812148e-01
 2990000;6,843781e-01
 3000000;6,875112e-01
 3010000;6,906139e-01
 3020000;6,936866e-01
 3030000;6,967295e-01
 3040000;6,997427e-01
 3050000;7,027263e-01
 3060000;7,056808e-01
 3070000;7,086063e-01
 3080000;7,115031e-01
 3090000;7,143719e-01
 3100000;7,172129e-01
 3110000;7,200263e-01
 3120000;7,228129e-01
 3130000;7,255728e-01
 3140000;7,283067e-01
 3150000;7,310149e-01
 3160000;7,336978e-01
 3170000;7,363559e-01
 3180000;7,389898e-01
 3190000;7,415998e-01
 3200000;7,441864e-01
 3210000;7,467499e-01
 3220000;7,492907e-01
 3230000;7,518093e-01
 3240000;7,543059e-01
 3250000;7,567810e-01
 3260000;7,592347e-01
 3270000;7,616675e-01
 3280000;7,640798e-01
 3290000;7,664715e-01
 3300000;7,688430e-01
 3310000;7,711945e-01
 3320000;7,735259e-01
 3330000;7,758377e-01
 3340000;7,781297e-01
 3350000;7,804021e-01
 3360000;7,826549e-01
 3370000;7,848883e-01
 3380000;7,871021e-01
 3390000;7,892964e-01
 3400000;7,914711e-01
 3410000;7,936264e-01
 3420000;7,957618e-01
 3430000;7,978777e-01
 3440000;7,999738e-01
 3450000;8,020501e-01
 3460000;8,041063e-01
 3470000;8,061424e-01
 3480000;8,081585e-01
 3490000;8,101544e-01
 3500000;8,121297e-01
 3510000;8,140847e-01
 3520000;8,160191e-01
 3530000;8,179329e-01
 3540000;8,198260e-01
 3550000;8,216981e-01
 3560000;8,235495e-01
 3570000;8,253800e-01
 3580000;8,271894e-01
 3590000;8,289780e-01
 3600000;8,307455e-01
 3610000;8,324921e-01
 3620000;8,342180e-01
 3630000;8,359230e-01
 3640000;8,376069e-01
 3650000;8,392701e-01
 3660000;8,409126e-01
 3670000;8,425346e-01
 3680000;8,441361e-01
 3690000;8,457174e-01
 3700000;8,472783e-01
 3710000;8,488194e-01
 3720000;8,503405e-01
 3730000;8,518420e-01
 3740000;8,533241e-01
 3750000;8,547869e-01
 3760000;8,562307e-01
 3770000;8,576559e-01
 3780000;8,590624e-01
 3790000;8,604507e-01
 3800000;8,618209e-01
 3810000;8,631734e-01
 3820000;8,645086e-01
 3830000;8,658267e-01
 3840000;8,671280e-01
 3850000;8,684126e-01
 3860000;8,696808e-01
 3870000;8,709331e-01
 3880000;8,721698e-01
 3890000;8,733911e-01
 3900000;8,745974e-01
 3910000;8,757888e-01
 3920000;8,769659e-01
 3930000;8,781289e-01
 3940000;8,792779e-01
 3950000;8,804133e-01
 3960000;8,815355e-01
 3970000;8,826447e-01
 3980000;8,837412e-01
 3990000;8,848251e-01
 4000000;8,858969e-01
 4010000;8,869569e-01
 4020000;8,880053e-01
 4030000;8,890423e-01
 4040000;8,900681e-01
 4050000;8,910830e-01
 4060000;8,920872e-01
 4070000;8,930809e-01
 4080000;8,940643e-01
 4090000;8,950378e-01
 4100000;8,960014e-01
 4110000;8,969554e-01
 4120000;8,979002e-01
 4130000;8,988358e-01
 4140000;8,997623e-01
 4150000;9,006799e-01
 4160000;9,015889e-01
 4170000;9,024894e-01
 4180000;9,033815e-01
 4190000;9,042654e-01
 4200000;9,051413e-01
 4210000;9,060093e-01
 4220000;9,068695e-01
 4230000;9,077219e-01
 4240000;9,085669e-01
 4250000;9,094045e-01
 4260000;9,102349e-01
 4270000;9,110582e-01
 4280000;9,118744e-01
 4290000;9,126836e-01
 4300000;9,134859e-01
 4310000;9,142817e-01
 4320000;9,150708e-01
 4330000;9,158533e-01
 4340000;9,166292e-01
 4350000;9,173988e-01
 4360000;9,181619e-01
 4370000;9,189190e-01
 4380000;9,196698e-01
 4390000;9,204145e-01
 4400000;9,211531e-01
 4410000;9,218857e-01
 4420000;9,226122e-01
 4430000;9,233328e-01
 4440000;9,240476e-01
 4450000;9,247566e-01
 4460000;9,254596e-01
 4470000;9,261569e-01
 4480000;9,268485e-01
 4490000;9,275345e-01
 4500000;9,282147e-01
 4510000;9,288892e-01
 4520000;9,295581e-01
 4530000;9,302215e-01
 4540000;9,308791e-01
 4550000;9,315314e-01
 4560000;9,321779e-01
 4570000;9,328189e-01
 4580000;9,334543e-01
 4590000;9,340842e-01
 4600000;9,347086e-01
 4610000;9,353276e-01
 4620000;9,359408e-01
 4630000;9,365486e-01
 4640000;9,371510e-01
 4650000;9,377478e-01
 4660000;9,383392e-01
 4670000;9,389251e-01
 4680000;9,395056e-01
 4690000;9,400806e-01
 4700000;9,406501e-01
 4710000;9,412142e-01
 4720000;9,417727e-01
 4730000;9,423259e-01
 4740000;9,428735e-01
 4750000;9,434157e-01
 4760000;9,439524e-01
 4770000;9,444839e-01
 4780000;9,450099e-01
 4790000;9,455307e-01
 4800000;9,460460e-01
 4810000;9,465560e-01
 4820000;9,470606e-01
 4830000;9,475600e-01
 4840000;9,480541e-01
 4850000;9,485430e-01
 4860000;9,490266e-01
 4870000;9,495050e-01
 4880000;9,499782e-01
 4890000;9,504463e-01
 4900000;9,509092e-01
 4910000;9,513671e-01
 4920000;9,518200e-01
 4930000;9,522679e-01
 4940000;9,527108e-01
 4950000;9,531486e-01
 4960000;9,535814e-01
 4970000;9,540095e-01
 4980000;9,544328e-01
 4990000;9,548510e-01
 5000000;9,552645e-01
 5010000;9,556734e-01
 5020000;9,560775e-01
 5030000;9,564771e-01
 5040000;9,568719e-01
 5050000;9,572621e-01
 5060000;9,576478e-01
 5070000;9,580290e-01
 5080000;9,584057e-01
 5090000;9,587782e-01
 5100000;9,591461e-01
 5110000;9,595097e-01
 5120000;9,598692e-01
 5130000;9,602243e-01
 5140000;9,605754e-01
 5150000;9,609221e-01
 5160000;9,612647e-01
 5170000;9,616033e-01
 5180000;9,619379e-01
 5190000;9,622685e-01
 5200000;9,625952e-01
 5210000;9,629180e-01
 5220000;9,632369e-01
 5230000;9,635522e-01
 5240000;9,638636e-01
 5250000;9,641714e-01
 5260000;9,644755e-01
 5270000;9,647760e-01
 5280000;9,650730e-01
 5290000;9,653664e-01
 5300000;9,656564e-01
 5310000;9,659430e-01
 5320000;9,662262e-01
 5330000;9,665062e-01
 5340000;9,667830e-01
 5350000;9,670563e-01
 5360000;9,673265e-01
 5370000;9,675937e-01
 5380000;9,678578e-01
 5390000;9,681188e-01
 5400000;9,683769e-01
 5410000;9,686321e-01
 5420000;9,688843e-01
 5430000;9,691335e-01
 5440000;9,693800e-01
 5450000;9,696237e-01
 5460000;9,698648e-01
 5470000;9,701030e-01
 5480000;9,703388e-01
 5490000;9,705719e-01
 5500000;9,708024e-01
 5510000;9,710305e-01
 5520000;9,712560e-01
 5530000;9,714790e-01
 5540000;9,716998e-01
 5550000;9,719182e-01
 5560000;9,721342e-01
 5570000;9,723479e-01
 5580000;9,725595e-01
 5590000;9,727689e-01
 5600000;9,729759e-01
 5610000;9,731810e-01
 5620000;9,733840e-01
 5630000;9,735849e-01
 5640000;9,737838e-01
 5650000;9,739806e-01
 5660000;9,741754e-01
 5670000;9,743683e-01
 5680000;9,745592e-01
 5690000;9,747483e-01
 5700000;9,749356e-01
 5710000;9,751210e-01
 5720000;9,753046e-01
 5730000;9,754864e-01
 5740000;9,756664e-01
 5750000;9,758447e-01
 5760000;9,760213e-01
 5770000;9,761963e-01
 5780000;9,763696e-01
 5790000;9,765414e-01
 5800000;9,767116e-01
 5810000;9,768801e-01
 5820000;9,770471e-01
 5830000;9,772125e-01
 5840000;9,773765e-01
 5850000;9,775390e-01
 5860000;9,776998e-01
 5870000;9,778593e-01
 5880000;9,780174e-01
 5890000;9,781741e-01
 5900000;9,783292e-01
 5910000;9,784830e-01
 5920000;9,786354e-01
 5930000;9,787864e-01
 5940000;9,789363e-01
 5950000;9,790849e-01
 5960000;9,792320e-01
 5970000;9,793778e-01
 5980000;9,795225e-01
 5990000;9,796658e-01
 6000000;9,798079e-01
 6010000;9,799489e-01
 6020000;9,800886e-01
 6030000;9,802271e-01
 6040000;9,803645e-01
 6050000;9,805007e-01
 6060000;9,806358e-01
 6070000;9,807697e-01
 6080000;9,809026e-01
 6090000;9,810342e-01
 6100000;9,811650e-01
 6110000;9,812946e-01
 6120000;9,814231e-01
 6130000;9,815507e-01
 6140000;9,816771e-01
 6150000;9,818026e-01
 6160000;9,819270e-01
 6170000;9,820505e-01
 6180000;9,821730e-01
 6190000;9,822947e-01
 6200000;9,824154e-01
 6210000;9,825353e-01
 6220000;9,826542e-01
 6230000;9,827722e-01
 6240000;9,828893e-01
 6250000;9,830055e-01
 6260000;9,831207e-01
 6270000;9,832353e-01
 6280000;9,833490e-01
 6290000;9,834618e-01
 6300000;9,835738e-01
 6310000;9,836850e-01
 6320000;9,837955e-01
 6330000;9,839053e-01
 6340000;9,840142e-01
 6350000;9,841224e-01
 6360000;9,842299e-01
 6370000;9,843368e-01
 6380000;9,844429e-01
 6390000;9,845484e-01
 6400000;9,846532e-01
 6410000;9,847573e-01
 6420000;9,848607e-01
 6430000;9,849635e-01
 6440000;9,850655e-01
 6450000;9,851669e-01
 6460000;9,852678e-01
 6470000;9,853681e-01
 6480000;9,854678e-01
 6490000;9,855669e-01
 6500000;9,856654e-01
 6510000;9,857633e-01
 6520000;9,858606e-01
 6530000;9,859574e-01
 6540000;9,860538e-01
 6550000;9,861494e-01
 6560000;9,862447e-01
 6570000;9,863394e-01
 6580000;9,864335e-01
 6590000;9,865272e-01
 6600000;9,866203e-01
 6610000;9,867130e-01
 6620000;9,868053e-01
 6630000;9,868971e-01
 6640000;9,869882e-01
 6650000;9,870789e-01
 6660000;9,871691e-01
 6670000;9,872589e-01
 6680000;9,873482e-01
 6690000;9,874370e-01
 6700000;9,875254e-01
 6710000;9,876133e-01
 6720000;9,877008e-01
 6730000;9,877879e-01
 6740000;9,878746e-01
 6750000;9,879610e-01
 6760000;9,880469e-01
 6770000;9,881323e-01
 6780000;9,882173e-01
 6790000;9,883018e-01
 6800000;9,883858e-01
 6810000;9,884695e-01
 6820000;9,885526e-01
 6830000;9,886355e-01
 6840000;9,887180e-01
 6850000;9,888000e-01
 6860000;9,888816e-01
 6870000;9,889627e-01
 6880000;9,890433e-01
 6890000;9,891237e-01
 6900000;9,892037e-01
 6910000;9,892832e-01
 6920000;9,893622e-01
 6930000;9,894408e-01
 6940000;9,895190e-01
 6950000;9,895969e-01
 6960000;9,896743e-01
 6970000;9,897513e-01
 6980000;9,898279e-01
 6990000;9,899040e-01
 7000000;9,899796e-01
 7010000;9,900548e-01
 7020000;9,901295e-01
 7030000;9,902040e-01
 7040000;9,902780e-01
 7050000;9,903516e-01
 7060000;9,904247e-01
 7070000;9,904974e-01
 7080000;9,905696e-01
 7090000;9,906414e-01
 7100000;9,907127e-01
 7110000;9,907835e-01
 7120000;9,908539e-01
 7130000;9,909239e-01
 7140000;9,909933e-01
 7150000;9,910624e-01
 7160000;9,911309e-01
 7170000;9,911991e-01
 7180000;9,912667e-01
 7190000;9,913339e-01
 7200000;9,914007e-01
 7210000;9,914670e-01
 7220000;9,915328e-01
 7230000;9,915982e-01
 7240000;9,916631e-01
 7250000;9,917276e-01
 7260000;9,917916e-01
 7270000;9,918552e-01
 7280000;9,919183e-01
 7290000;9,919809e-01
 7300000;9,920431e-01
 7310000;9,921048e-01
 7320000;9,921661e-01
 7330000;9,922269e-01
 7340000;9,922873e-01
 7350000;9,923472e-01
 7360000;9,924067e-01
 7370000;9,924657e-01
 7380000;9,925242e-01
 7390000;9,925821e-01
 7400000;9,926395e-01
 7410000;9,926964e-01
 7420000;9,927529e-01
 7430000;9,928090e-01
 7440000;9,928646e-01
 7450000;9,929197e-01
 7460000;9,929744e-01
 7470000;9,930286e-01
 7480000;9,930824e-01
 7490000;9,931357e-01
 7500000;9,931885e-01
 7510000;9,932407e-01
 7520000;9,932924e-01
 7530000;9,933437e-01
 7540000;9,933945e-01
 7550000;9,934448e-01
 7560000;9,934947e-01
 7570000;9,935441e-01
 7580000;9,935931e-01
 7590000;9,936416e-01
 7600000;9,936897e-01
 7610000;9,937373e-01
 7620000;9,937845e-01
 7630000;9,938312e-01
 7640000;9,938774e-01
 7650000;9,939232e-01
 7660000;9,939685e-01
 7670000;9,940134e-01
 7680000;9,940578e-01
 7690000;9,941018e-01
 7700000;9,941453e-01
 7710000;9,941884e-01
 7720000;9,942312e-01
 7730000;9,942736e-01
 7740000;9,943155e-01
 7750000;9,943569e-01
 7760000;9,943980e-01
 7770000;9,944385e-01
 7780000;9,944786e-01
 7790000;9,945185e-01
 7800000;9,945579e-01
 7810000;9,945968e-01
 7820000;9,946353e-01
 7830000;9,946736e-01
 7840000;9,947114e-01
 7850000;9,947488e-01
 7860000;9,947859e-01
 7870000;9,948226e-01
 7880000;9,948588e-01
 7890000;9,948948e-01
 7900000;9,949303e-01
 7910000;9,949654e-01
 7920000;9,950003e-01
 7930000;9,950347e-01
 7940000;9,950689e-01
 7950000;9,951026e-01
 7960000;9,951361e-01
 7970000;9,951691e-01
 7980000;9,952019e-01
 7990000;9,952345e-01
 8000000;9,952666e-01
 8010000;9,952985e-01
 8020000;9,953299e-01
 8030000;9,953611e-01
 8040000;9,953921e-01
 8050000;9,954226e-01
 8060000;9,954529e-01
 8070000;9,954830e-01
 8080000;9,955128e-01
 8090000;9,955422e-01
 8100000;9,955714e-01
 8110000;9,956003e-01
 8120000;9,956290e-01
 8130000;9,956575e-01
 8140000;9,956855e-01
 8150000;9,957133e-01
 8160000;9,957409e-01
 8170000;9,957682e-01
 8180000;9,957953e-01
 8190000;9,958222e-01
 8200000;9,958489e-01
 8210000;9,958753e-01
 8220000;9,959015e-01
 8230000;9,959275e-01
 8240000;9,959532e-01
 8250000;9,959787e-01
 8260000;9,960040e-01
 8270000;9,960291e-01
 8280000;9,960539e-01
 8290000;9,960785e-01
 8300000;9,961031e-01
 8310000;9,961275e-01
 8320000;9,961516e-01
 8330000;9,961755e-01
 8340000;9,961992e-01
 8350000;9,962227e-01
 8360000;9,962462e-01
 8370000;9,962694e-01
 8380000;9,962924e-01
 8390000;9,963152e-01
 8400000;9,963380e-01
 8410000;9,963605e-01
 8420000;9,963829e-01
 8430000;9,964052e-01
 8440000;9,964273e-01
 8450000;9,964491e-01
 8460000;9,964708e-01
 8470000;9,964924e-01
 8480000;9,965138e-01
 8490000;9,965353e-01
 8500000;9,965564e-01
 8510000;9,965774e-01
 8520000;9,965984e-01
 8530000;9,966191e-01
 8540000;9,966396e-01
 8550000;9,966601e-01
 8560000;9,966804e-01
 8570000;9,967006e-01
 8580000;9,967207e-01
 8590000;9,967407e-01
 8600000;9,967606e-01
 8610000;9,967801e-01
 8620000;9,967997e-01
 8630000;9,968191e-01
 8640000;9,968385e-01
 8650000;9,968576e-01
 8660000;9,968767e-01
 8670000;9,968956e-01
 8680000;9,969146e-01
 8690000;9,969332e-01
 8700000;9,969519e-01
 8710000;9,969704e-01
 8720000;9,969888e-01
 8730000;9,970070e-01
 8740000;9,970253e-01
 8750000;9,970433e-01
 8760000;9,970613e-01
 8770000;9,970790e-01
 8780000;9,970968e-01
 8790000;9,971143e-01
 8800000;9,971319e-01
 8810000;9,971492e-01
 8820000;9,971665e-01
 8830000;9,971836e-01
 8840000;9,972007e-01
 8850000;9,972175e-01
 8860000;9,972344e-01
 8870000;9,972513e-01
 8880000;9,972679e-01
 8890000;9,972845e-01
 8900000;9,973009e-01
 8910000;9,973173e-01
 8920000;9,973335e-01
 8930000;9,973497e-01
 8940000;9,973656e-01
 8950000;9,973816e-01
 8960000;9,973975e-01
 8970000;9,974132e-01
 8980000;9,974289e-01
 8990000;9,974444e-01
 9000000;9,974599e-01
 9010000;9,974752e-01
 9020000;9,974905e-01
 9030000;9,975057e-01
 9040000;9,975208e-01
 9050000;9,975358e-01
 9060000;9,975506e-01
 9070000;9,975654e-01
 9080000;9,975800e-01
 9090000;9,975946e-01
 9100000;9,976091e-01
 9110000;9,976235e-01
 9120000;9,976379e-01
 9130000;9,976520e-01
 9140000;9,976661e-01
 9150000;9,976802e-01
 9160000;9,976941e-01
 9170000;9,977080e-01
 9180000;9,977219e-01
 9190000;9,977356e-01
 9200000;9,977492e-01
 9210000;9,977627e-01
 9220000;9,977761e-01
 9230000;9,977896e-01
 9240000;9,978028e-01
 9250000;9,978160e-01
 9260000;9,978292e-01
 9270000;9,978422e-01
 9280000;9,978552e-01
 9290000;9,978682e-01
 9300000;9,978809e-01
 9310000;9,978937e-01
 9320000;9,979062e-01
 9330000;9,979187e-01
 9340000;9,979313e-01
 9350000;9,979436e-01
 9360000;9,979559e-01
 9370000;9,979682e-01
 9380000;9,979802e-01
 9390000;9,979923e-01
 9400000;9,980044e-01
 9410000;9,980165e-01
 9420000;9,980283e-01
 9430000;9,980402e-01
 9440000;9,980520e-01
 9450000;9,980636e-01
 9460000;9,980752e-01
 9470000;9,980869e-01
 9480000;9,980983e-01
 9490000;9,981096e-01
 9500000;9,981210e-01
 9510000;9,981324e-01
 9520000;9,981436e-01
 9530000;9,981547e-01
 9540000;9,981659e-01
 9550000;9,981768e-01
 9560000;9,981878e-01
 9570000;9,981987e-01
 9580000;9,982096e-01
 9590000;9,982204e-01
 9600000;9,982311e-01
 9610000;9,982418e-01
 9620000;9,982525e-01
 9630000;9,982630e-01
 9640000;9,982734e-01
 9650000;9,982839e-01
 9660000;9,982944e-01
 9670000;9,983046e-01
 9680000;9,983149e-01
 9690000;9,983251e-01
 9700000;9,983354e-01
 9710000;9,983454e-01
 9720000;9,983554e-01
 9730000;9,983655e-01
 9740000;9,983755e-01
 9750000;9,983855e-01
 9760000;9,983953e-01
 9770000;9,984051e-01
 9780000;9,984149e-01
 9790000;9,984247e-01
 9800000;9,984345e-01
 9810000;9,984441e-01
 9820000;9,984536e-01
 9830000;9,984632e-01
 9840000;9,984728e-01
 9850000;9,984823e-01
 9860000;9,984917e-01
 9870000;9,985010e-01
 9880000;9,985104e-01
 9890000;9,985197e-01
 9900000;9,985290e-01
 9910000;9,985382e-01
 9920000;9,985473e-01
 9930000;9,985564e-01
 9940000;9,985655e-01
 9950000;9,985746e-01
 9960000;9,985835e-01
 9970000;9,985924e-01
 9980000;9,986013e-01
 9990000;9,986101e-01
10000000;9,986190e-01
10010000;9,986279e-01
10020000;9,986366e-01
10030000;9,986452e-01
10040000;9,986539e-01
10050000;9,986625e-01
10060000;9,986712e-01
10070000;9,986798e-01
10080000;9,986883e-01
10090000;9,986967e-01
10100000;9,987051e-01
10110000;9,987136e-01
10120000;9,987220e-01
10130000;9,987304e-01
10140000;9,987386e-01
10150000;9,987468e-01
10160000;9,987550e-01
10170000;9,987632e-01
10180000;9,987714e-01
10190000;9,987796e-01
10200000;9,987876e-01
10210000;9,987956e-01
10220000;9,988035e-01
10230000;9,988115e-01
10240000;9,988195e-01
10250000;9,988275e-01
10260000;9,988352e-01
10270000;9,988430e-01
10280000;9,988507e-01
10290000;9,988584e-01
10300000;9,988662e-01
10310000;9,988739e-01
10320000;9,988817e-01
10330000;9,988892e-01
10340000;9,988967e-01
10350000;9,989042e-01
10360000;9,989118e-01
10370000;9,989193e-01
10380000;9,989268e-01
10390000;9,989341e-01
10400000;9,989414e-01
10410000;9,989487e-01
10420000;9,989560e-01
10430000;9,989632e-01
10440000;9,989705e-01
10450000;9,989778e-01
10460000;9,989849e-01
10470000;9,989919e-01
10480000;9,989990e-01
10490000;9,990061e-01
10500000;9,990131e-01
10510000;9,990202e-01
10520000;9,990270e-01
10530000;9,990339e-01
10540000;9,990407e-01
10550000;9,990475e-01
10560000;9,990544e-01
10570000;9,990612e-01
10580000;9,990680e-01
10590000;9,990746e-01
10600000;9,990812e-01
10610000;9,990879e-01
10620000;9,990945e-01
10630000;9,991011e-01
10640000;9,991077e-01
10650000;9,991141e-01
10660000;9,991204e-01
10670000;9,991268e-01
10680000;9,991332e-01
10690000;9,991396e-01
10700000;9,991459e-01
10710000;9,991521e-01
10720000;9,991582e-01
10730000;9,991644e-01
10740000;9,991705e-01
10750000;9,991767e-01
10760000;9,991828e-01
10770000;9,991890e-01
10780000;9,991949e-01
10790000;9,992008e-01
10800000;9,992068e-01
10810000;9,992127e-01
10820000;9,992186e-01
10830000;9,992245e-01
10840000;9,992302e-01
10850000;9,992359e-01
10860000;9,992416e-01
10870000;9,992473e-01
10880000;9,992530e-01
10890000;9,992587e-01
10900000;9,992644e-01
10910000;9,992699e-01
10920000;9,992753e-01
10930000;9,992808e-01
10940000;9,992863e-01
10950000;9,992917e-01
10960000;9,992972e-01
10970000;9,993024e-01
10980000;9,993077e-01
10990000;9,993129e-01
11000000;9,993182e-01
11010000;9,993234e-01
11020000;9,993286e-01
11030000;9,993339e-01
11040000;9,993389e-01
11050000;9,993439e-01
11060000;9,993489e-01
11070000;9,993539e-01
11080000;9,993589e-01
11090000;9,993640e-01
11100000;9,993687e-01
11110000;9,993735e-01
11120000;9,993783e-01
11130000;9,993831e-01
11140000;9,993879e-01
11150000;9,993927e-01
11160000;9,993974e-01
11170000;9,994020e-01
11180000;9,994066e-01
11190000;9,994111e-01
11200000;9,994157e-01
11210000;9,994202e-01
11220000;9,994248e-01
11230000;9,994291e-01
11240000;9,994334e-01
11250000;9,994378e-01
11260000;9,994421e-01
11270000;9,994464e-01
11280000;9,994508e-01
11290000;9,994551e-01
11300000;9,994592e-01
11310000;9,994633e-01
11320000;9,994674e-01
11330000;9,994715e-01
11340000;9,994756e-01
11350000;9,994797e-01
11360000;9,994836e-01
11370000;9,994874e-01
11380000;9,994913e-01
11390000;9,994952e-01
11400000;9,994990e-01
11410000;9,995029e-01
11420000;9,995068e-01
11430000;9,995104e-01
11440000;9,995141e-01
11450000;9,995177e-01
11460000;9,995214e-01
11470000;9,995250e-01
11480000;9,995287e-01
11490000;9,995323e-01
11500000;9,995357e-01
11510000;9,995391e-01
11520000;9,995426e-01
11530000;9,995460e-01
11540000;9,995494e-01
11550000;9,995528e-01
11560000;9,995562e-01
11570000;9,995596e-01
11580000;9,995628e-01
11590000;9,995660e-01
11600000;9,995692e-01
11610000;9,995724e-01
11620000;9,995756e-01
11630000;9,995788e-01
11640000;9,995820e-01
11650000;9,995849e-01
11660000;9,995879e-01
11670000;9,995909e-01
11680000;9,995938e-01
11690000;9,995968e-01
11700000;9,995997e-01
11710000;9,996027e-01
11720000;9,996057e-01
11730000;9,996084e-01
11740000;9,996111e-01
11750000;9,996139e-01
11760000;9,996166e-01
11770000;9,996193e-01
11780000;9,996221e-01
11790000;9,996248e-01
11800000;9,996275e-01
11810000;9,996300e-01
11820000;9,996325e-01
11830000;9,996350e-01
11840000;9,996376e-01
11850000;9,996401e-01
11860000;9,996426e-01
11870000;9,996451e-01
11880000;9,996476e-01
11890000;9,996501e-01
11900000;9,996524e-01
11910000;9,996546e-01
11920000;9,996569e-01
11930000;9,996592e-01
11940000;9,996615e-01
11950000;9,996638e-01
11960000;9,996660e-01
11970000;9,996683e-01
11980000;9,996706e-01
11990000;9,996726e-01
12000000;9,996747e-01
12010000;9,996767e-01
12020000;9,996788e-01
12030000;9,996808e-01
12040000;9,996829e-01
12050000;9,996849e-01
12060000;9,996870e-01
12070000;9,996890e-01
12080000;9,996911e-01
12090000;9,996929e-01
12100000;9,996947e-01
12110000;9,996966e-01
12120000;9,996984e-01
12130000;9,997002e-01
12140000;9,997020e-01
12150000;9,997038e-01
12160000;9,997057e-01
12170000;9,997075e-01
12180000;9,997093e-01
12190000;9,997111e-01
12200000;9,997130e-01
12210000;9,997146e-01
12220000;9,997162e-01
12230000;9,997177e-01
12240000;9,997193e-01
12250000;9,997209e-01
12260000;9,997225e-01
12270000;9,997241e-01
12280000;9,997257e-01
12290000;9,997273e-01
12300000;9,997289e-01
12310000;9,997305e-01
12320000;9,997321e-01
12330000;9,997337e-01
12340000;9,997351e-01
12350000;9,997364e-01
12360000;9,997378e-01
12370000;9,997392e-01
12380000;9,997405e-01
12390000;9,997419e-01
12400000;9,997433e-01
12410000;9,997446e-01
12420000;9,997460e-01
12430000;9,997474e-01
12440000;9,997487e-01
12450000;9,997501e-01
12460000;9,997515e-01
12470000;9,997528e-01
12480000;9,997542e-01
12490000;9,997553e-01
12500000;9,997565e-01
12510000;9,997576e-01
12520000;9,997588e-01
12530000;9,997599e-01
12540000;9,997610e-01
12550000;9,997622e-01
12560000;9,997633e-01
12570000;9,997644e-01
12580000;9,997656e-01
12590000;9,997667e-01
12600000;9,997679e-01
12610000;9,997690e-01
12620000;9,997701e-01
12630000;9,997713e-01
12640000;9,997724e-01
12650000;9,997736e-01
12660000;9,997747e-01
12670000;9,997758e-01
12680000;9,997770e-01
12690000;9,997781e-01
12700000;9,997793e-01
12710000;9,997802e-01
12720000;9,997811e-01
12730000;9,997820e-01
12740000;9,997829e-01
12750000;9,997838e-01
12760000;9,997847e-01
12770000;9,997856e-01
12780000;9,997865e-01
12790000;9,997875e-01
12800000;9,997884e-01
12810000;9,997893e-01
12820000;9,997902e-01
12830000;9,997911e-01
12840000;9,997920e-01
12850000;9,997929e-01
12860000;9,997938e-01
12870000;9,997947e-01
12880000;9,997957e-01
12890000;9,997966e-01
12900000;9,997975e-01
12910000;9,997984e-01
12920000;9,997993e-01
12930000;9,998002e-01
12940000;9,998011e-01
12950000;9,998020e-01
12960000;9,998029e-01
12970000;9,998039e-01
12980000;9,998048e-01
12990000;9,998057e-01
13000000;9,998066e-01
13010000;9,998075e-01
13020000;9,998084e-01
13030000;9,998093e-01
13040000;9,998102e-01
13050000;9,998111e-01
13060000;9,998121e-01
13070000;9,998130e-01
13080000;9,998139e-01
13090000;9,998148e-01
13100000;9,998157e-01
13110000;9,998164e-01
13120000;9,998171e-01
13130000;9,998178e-01
13140000;9,998184e-01
13150000;9,998191e-01
13160000;9,998198e-01
13170000;9,998205e-01
13180000;9,998212e-01
13190000;9,998219e-01
13200000;9,998225e-01
13210000;9,998232e-01
13220000;9,998239e-01
13230000;9,998246e-01
13240000;9,998253e-01
13250000;9,998260e-01
13260000;9,998266e-01
13270000;9,998273e-01
13280000;9,998280e-01
13290000;9,998287e-01
13300000;9,998294e-01
13310000;9,998301e-01
13320000;9,998307e-01
13330000;9,998314e-01
13340000;9,998321e-01
13350000;9,998328e-01
13360000;9,998335e-01
13370000;9,998342e-01
13380000;9,998348e-01
13390000;9,998355e-01
13400000;9,998362e-01
13410000;9,998369e-01
13420000;9,998376e-01
13430000;9,998383e-01
13440000;9,998389e-01
13450000;9,998396e-01
13460000;9,998403e-01
13470000;9,998410e-01
13480000;9,998417e-01
13490000;9,998424e-01
13500000;9,998430e-01
13510000;9,998437e-01
13520000;9,998444e-01
13530000;9,998451e-01
13540000;9,998458e-01
13550000;9,998465e-01
13560000;9,998471e-01
13570000;9,998478e-01
13580000;9,998485e-01
13590000;9,998492e-01
13600000;9,998499e-01
13610000;9,998506e-01
13620000;9,998512e-01
13630000;9,998519e-01
13640000;9,998526e-01
13650000;9,998533e-01
13660000;9,998540e-01
13670000;9,998547e-01
13680000;9,998553e-01
13690000;9,998560e-01
13700000;9,998567e-01
13710000;9,998574e-01
13720000;9,998581e-01
13730000;9,998588e-01
13740000;9,998594e-01
13750000;9,998601e-01
13760000;9,998608e-01
13770000;9,998615e-01
13780000;9,998622e-01
13790000;9,998629e-01
13800000;9,998635e-01
13810000;9,998642e-01
13820000;9,998649e-01
13830000;9,998656e-01
13840000;9,998663e-01
13850000;9,998670e-01
13860000;9,998676e-01
13870000;9,998683e-01
13880000;9,998690e-01
13890000;9,998697e-01
13900000;9,998704e-01
13910000;9,998711e-01
13920000;9,998717e-01
13930000;9,998724e-01
13940000;9,998731e-01
13950000;9,998738e-01
13960000;9,998745e-01
13970000;9,998752e-01
13980000;9,998758e-01
13990000;9,998765e-01
14000000;9,998772e-01
14010000;9,998779e-01
14020000;9,998786e-01
14030000;9,998793e-01
14040000;9,998799e-01
14050000;9,998806e-01
14060000;9,998813e-01
14070000;9,998820e-01
14080000;9,998827e-01
14090000;9,998834e-01
14100000;9,998840e-01
14110000;9,998847e-01
14120000;9,998854e-01
14130000;9,998861e-01
14140000;9,998868e-01
14150000;9,998875e-01
14160000;9,998881e-01
14170000;9,998888e-01
14180000;9,998895e-01
14190000;9,998902e-01
14200000;9,998909e-01
14210000;9,998916e-01
14220000;9,998922e-01
14230000;9,998929e-01
14240000;9,998936e-01
14250000;9,998943e-01
14260000;9,998950e-01
14270000;9,998957e-01
14280000;9,998963e-01
14290000;9,998970e-01
14300000;9,998977e-01
14310000;9,998984e-01
14320000;9,998991e-01
14330000;9,998998e-01
14340000;9,999004e-01
14350000;9,999011e-01
14360000;9,999018e-01
14370000;9,999025e-01
14380000;9,999032e-01
14390000;9,999039e-01
14400000;9,999045e-01
14410000;9,999052e-01
14420000;9,999059e-01
14430000;9,999066e-01
14440000;9,999073e-01
14450000;9,999080e-01
14460000;9,999086e-01
14470000;9,999093e-01
14480000;9,999100e-01
14490000;9,999107e-01
14500000;9,999114e-01
14510000;9,999121e-01
14520000;9,999127e-01
14530000;9,999134e-01
14540000;9,999141e-01
14550000;9,999148e-01
14560000;9,999155e-01
14570000;9,999162e-01
14580000;9,999168e-01
14590000;9,999175e-01
14600000;9,999182e-01
14610000;9,999189e-01
14620000;9,999196e-01
14630000;9,999203e-01
14640000;9,999210e-01
14650000;9,999216e-01
14660000;9,999223e-01
14670000;9,999230e-01
14680000;9,999237e-01
14690000;9,999244e-01
14700000;9,999251e-01
14710000;9,999257e-01
14720000;9,999264e-01
14730000;9,999271e-01
14740000;9,999278e-01
14750000;9,999285e-01
14760000;9,999292e-01
14770000;9,999298e-01
14780000;9,999305e-01
14790000;9,999312e-01
14800000;9,999319e-01
14810000;9,999326e-01
14820000;9,999333e-01
14830000;9,999339e-01
14840000;9,999346e-01
14850000;9,999353e-01
14860000;9,999360e-01
14870000;9,999367e-01
14880000;9,999374e-01
14890000;9,999380e-01
14900000;9,999387e-01
14910000;9,999394e-01
14920000;9,999401e-01
14930000;9,999408e-01
14940000;9,999415e-01
14950000;9,999421e-01
14960000;9,999428e-01
14970000;9,999435e-01
14980000;9,999442e-01
14990000;9,999449e-01
15000000;9,999456e-01
15010000;9,999462e-01
15020000;9,999469e-01
15030000;9,999476e-01
15040000;9,999483e-01
15050000;9,999490e-01
15060000;9,999497e-01
15070000;9,999503e-01
15080000;9,999510e-01
15090000;9,999517e-01
15100000;9,999524e-01
15110000;9,999531e-01
15120000;9,999538e-01
15130000;9,999542e-01
15140000;9,999547e-01
15150000;9,999551e-01
15160000;9,999556e-01
15170000;9,999560e-01
15180000;9,999565e-01
15190000;9,999569e-01
15200000;9,999574e-01
15210000;9,999579e-01
15220000;9,999583e-01
15230000;9,999588e-01
15240000;9,999592e-01
15250000;9,999597e-01
15260000;9,999601e-01
15270000;9,999606e-01
15280000;9,999610e-01
15290000;9,999615e-01
15300000;9,999620e-01
15310000;9,999624e-01
15320000;9,999629e-01
15330000;9,999633e-01
15340000;9,999638e-01
15350000;9,999642e-01
15360000;9,999647e-01
15370000;9,999651e-01
15380000;9,999656e-01
15390000;9,999661e-01
15400000;9,999665e-01
15410000;9,999670e-01
15420000;9,999674e-01
15430000;9,999679e-01
15440000;9,999683e-01
15450000;9,999688e-01
15460000;9,999692e-01
15470000;9,999697e-01
15480000;9,999702e-01
15490000;9,999706e-01
15500000;9,999711e-01
15510000;9,999715e-01
15520000;9,999720e-01
15530000;9,999724e-01
15540000;9,999729e-01
15550000;9,999733e-01
15560000;9,999738e-01
15570000;9,999743e-01
15580000;9,999747e-01
15590000;9,999752e-01
15600000;9,999756e-01
15610000;9,999761e-01
15620000;9,999765e-01
15630000;9,999770e-01
15640000;9,999774e-01
15650000;9,999779e-01
15660000;9,999784e-01
15670000;9,999788e-01
15680000;9,999793e-01
15690000;9,999797e-01
15700000;9,999802e-01
15710000;9,999806e-01
15720000;9,999811e-01
15730000;9,999815e-01
15740000;9,999818e-01
15750000;9,999820e-01
15760000;9,999822e-01
15770000;9,999825e-01
15780000;9,999827e-01
15790000;9,999829e-01
15800000;9,999831e-01
15810000;9,999834e-01
15820000;9,999836e-01
15830000;9,999838e-01
15840000;9,999841e-01
15850000;9,999843e-01
15860000;9,999845e-01
15870000;9,999847e-01
15880000;9,999850e-01
15890000;9,999852e-01
15900000;9,999854e-01
15910000;9,999856e-01
15920000;9,999859e-01
15930000;9,999861e-01
15940000;9,999863e-01
15950000;9,999866e-01
15960000;9,999868e-01
15970000;9,999870e-01
15980000;9,999872e-01
15990000;9,999875e-01
16000000;9,999877e-01
16010000;9,999879e-01
16020000;9,999882e-01
16030000;9,999884e-01
16040000;9,999886e-01
16050000;9,999888e-01
16060000;9,999891e-01
16070000;9,999893e-01
16080000;9,999895e-01
16090000;9,999897e-01
16100000;9,999900e-01
16110000;9,999902e-01
16120000;9,999904e-01
16130000;9,999907e-01
16140000;9,999909e-01
16150000;9,999911e-01
16160000;9,999913e-01
16170000;9,999916e-01
16180000;9,999918e-01
16190000;9,999920e-01
16200000;9,999923e-01
16210000;9,999925e-01
16220000;9,999927e-01
16230000;9,999929e-01
16240000;9,999932e-01
16250000;9,999934e-01
16260000;9,999936e-01
16270000;9,999938e-01
16280000;9,999941e-01
16290000;9,999943e-01
16300000;9,999945e-01
16310000;9,999948e-01
16320000;9,999950e-01
16330000;9,999952e-01
16340000;9,999954e-01
16350000;9,999957e-01
16360000;9,999959e-01
16370000;9,999961e-01
16380000;9,999964e-01
16390000;9,999966e-01
16400000;9,999968e-01
16410000;9,999970e-01
16420000;9,999973e-01
16430000;9,999975e-01
16440000;9,999977e-01
16450000;9,999980e-01
16460000;9,999982e-01
16470000;9,999984e-01
16480000;9,999986e-01
16490000;9,999989e-01
16500000;9,999991e-01
16510000;9,999993e-01
16520000;9,999995e-01
16530000;9,999998e-01
16540000;1,000000e+00
16550000;1,000000e+00
16560000;1,000000e+00
16570000;1,000000e+00
16580000;1,000000e+00
16590000;1,000000e+00
16600000;1,000000e+00
16610000;1,000000e+00
16620000;1,000000e+00
16630000;1,000000e+00
16640000;1,000000e+00
16650000;1,000000e+00
16660000;1,000000e+00
16670000;1,000000e+00
16680000;1,000000e+00
16690000;1,000000e+00
16700000;1,000000e+00
16710000;1,000000e+00
16720000;1,000000e+00
16730000;1,000000e+00
16740000;1,000000e+00
16750000;1,000000e+00
16760000;1,000000e+00
16770000;1,000000e+00
16780000;1,000000e+00
16790000;1,000000e+00
16800000;1,000000e+00
16810000;1,000000e+00
16820000;1,000000e+00
16830000;1,000000e+00
16840000;1,000000e+00
16850000;1,000000e+00
16860000;1,000000e+00
16870000;1,000000e+00
16880000;1,000000e+00
16890000;1,000000e+00
16900000;1,000000e+00
16910000;1,000000e+00
16920000;1,000000e+00
16930000;1,000000e+00
16940000;1,000000e+00
16950000;1,000000e+00
16960000;1,000000e+00
16970000;1,000000e+00
16980000;1,000000e+00
16990000;1,000000e+00
17000000;1,000000e+00
17010000;1,000000e+00
17020000;1,000000e+00
17030000;1,000000e+00
17040000;1,000000e+00
17050000;1,000000e+00
17060000;1,000000e+00
17070000;1,000000e+00
17080000;1,000000e+00
17090000;1,000000e+00
17100000;1,000000e+00
17110000;1,000000e+00
17120000;1,000000e+00
17130000;1,000000e+00
17140000;1,000000e+00
17150000;1,000000e+00
17160000;1,000000e+00
17170000;1,000000e+00
17180000;1,000000e+00
17190000;1,000000e+00
17200000;1,000000e+00
17210000;1,000000e+00
17220000;1,000000e+00
17230000;1,000000e+00
17240000;1,000000e+00
17250000;1,000000e+00
17260000;1,000000e+00
17270000;1,000000e+00
17280000;1,000000e+00
17290000;1,000000e+00
17300000;1,000000e+00
17310000;1,000000e+00
17320000;1,000000e+00
17330000;1,000000e+00
17340000;1,000000e+00
17350000;1,000000e+00
17360000;1,000000e+00
17370000;1,000000e+00
17380000;1,000000e+00
17390000;1,000000e+00
17400000;1,000000e+00
17410000;1,000000e+00
17420000;1,000000e+00
17430000;1,000000e+00
17440000;1,000000e+00
17450000;1,000000e+00
17460000;1,000000e+00
17470000;1,000000e+00
17480000;1,000000e+00
17490000;1,000000e+00
17500000;1,000000e+00
17510000;1,000000e+00
17520000;1,000000e+00
17530000;1,000000e+00
17540000;1,000000e+00
17550000;1,000000e+00
17560000;1,000000e+00
17570000;1,000000e+00
17580000;1,000000e+00
17590000;1,000000e+00
17600000;1,000000e+00
17610000;1,000000e+00
17620000;1,000000e+00
17630000;1,000000e+00
17640000;1,000000e+00
17650000;1,000000e+00
17660000;1,000000e+00
17670000;1,000000e+00
17680000;1,000000e+00
17690000;1,000000e+00
17700000;1,000000e+00
17710000;1,000000e+00
17720000;1,000000e+00
17730000;1,000000e+00
17740000;1,000000e+00
17750000;1,000000e+00
17760000;1,000000e+00
17770000;1,000000e+00
17780000;1,000000e+00
17790000;1,000000e+00
17800000;1,000000e+00
17810000;1,000000e+00
17820000;1,000000e+00
17830000;1,000000e+00
17840000;1,000000e+00
17850000;1,000000e+00
17860000;1,000000e+00
17870000;1,000000e+00
17880000;1,000000e+00
17890000;1,000000e+00
17900000;1,000000e+00
17910000;1,000000e+00
17920000;1,000000e+00
17930000;1,000000e+00
17940000;1,000000e+00
17950000;1,000000e+00
17960000;1,000000e+00
17970000;1,000000e+00
17980000;1,000000e+00
17990000;1,000000e+00
18000000;1,000000e+00
18010000;1,000000e+00
18020000;1,000000e+00
18030000;1,000000e+00
18040000;1,000000e+00
18050000;1,000000e+00
18060000;1,000000e+00
18070000;1,000000e+00
18080000;1,000000e+00
18090000;1,000000e+00
18100000;1,000000e+00
18110000;1,000000e+00
18120000;1,000000e+00
18130000;1,000000e+00
18140000;1,000000e+00
18150000;1,000000e+00
18160000;1,000000e+00
18170000;1,000000e+00
18180000;1,000000e+00
18190000;1,000000e+00
18200000;1,000000e+00
18210000;1,000000e+00
18220000;1,000000e+00
18230000;1,000000e+00
18240000;1,000000e+00
18250000;1,000000e+00
18260000;1,000000e+00
18270000;1,000000e+00
18280000;1,000000e+00
18290000;1,000000e+00
18300000;1,000000e+00
18310000;1,000000e+00
18320000;1,000000e+00
18330000;1,000000e+00
18340000;1,000000e+00
18350000;1,000000e+00
18360000;1,000000e+00
18370000;1,000000e+00
18380000;1,000000e+00
18390000;1,000000e+00
18400000;1,000000e+00
18410000;1,000000e+00
18420000;1,000000e+00
18430000;1,000000e+00
18440000;1,000000e+00
18450000;1,000000e+00
18460000;1,000000e+00
18470000;1,000000e+00
18480000;1,000000e+00
18490000;1,000000e+00
18500000;1,000000e+00
18510000;1,000000e+00
18520000;1,000000e+00
18530000;1,000000e+00
18540000;1,000000e+00
18550000;1,000000e+00
18560000;1,000000e+00
18570000;1,000000e+00
18580000;1,000000e+00
18590000;1,000000e+00
18600000;1,000000e+00
18610000;1,000000e+00
18620000;1,000000e+00
18630000;1,000000e+00
18640000;1,000000e+00
18650000;1,000000e+00
18660000;1,000000e+00
18670000;1,000000e+00
18680000;1,000000e+00
18690000;1,000000e+00
18700000;1,000000e+00
18710000;1,000000e+00
18720000;1,000000e+00
18730000;1,000000e+00
18740000;1,000000e+00
18750000;1,000000e+00
18760000;1,000000e+00
18770000;1,000000e+00
18780000;1,000000e+00
18790000;1,000000e+00
18800000;1,000000e+00
18810000;1,000000e+00
18820000;1,000000e+00
18830000;1,000000e+00
18840000;1,000000e+00
18850000;1,000000e+00
18860000;1,000000e+00
18870000;1,000000e+00
18880000;1,000000e+00
18890000;1,000000e+00
18900000;1,000000e+00
18910000;1,000000e+00
18920000;1,000000e+00
18930000;1,000000e+00
18940000;1,000000e+00
18950000;1,000000e+00
18960000;1,000000e+00
18970000;1,000000e+00
18980000;1,000000e+00
18990000;1,000000e+00
19000000;1,000000e+00
19010000;1,000000e+00
19020000;1,000000e+00
19030000;1,000000e+00
19040000;1,000000e+00
19050000;1,000000e+00
19060000;1,000000e+00
19070000;1,000000e+00
19080000;1,000000e+00
19090000;1,000000e+00
19100000;1,000000e+00
19110000;1,000000e+00
19120000;1,000000e+00
19130000;1,000000e+00
19140000;1,000000e+00
19150000;1,000000e+00
19160000;1,000000e+00
19170000;1,000000e+00
19180000;1,000000e+00
19190000;1,000000e+00
19200000;1,000000e+00
19210000;1,000000e+00
19220000;1,000000e+00
19230000;1,000000e+00
19240000;1,000000e+00
19250000;1,000000e+00
19260000;1,000000e+00
19270000;1,000000e+00
19280000;1,000000e+00
19290000;1,000000e+00
19300000;1,000000e+00
19310000;1,000000e+00
19320000;1,000000e+00
19330000;1,000000e+00
19340000;1,000000e+00
19350000;1,000000e+00
19360000;1,000000e+00
19370000;1,000000e+00
19380000;1,000000e+00
19390000;1,000000e+00
19400000;1,000000e+00
19410000;1,000000e+00
19420000;1,000000e+00
19430000;1,000000e+00
19440000;1,000000e+00
19450000;1,000000e+00
19460000;1,000000e+00
19470000;1,000000e+00
19480000;1,000000e+00
19490000;1,000000e+00
19500000;1,000000e+00
19510000;1,000000e+00
19520000;1,000000e+00
19530000;1,000000e+00
19540000;1,000000e+00
19550000;1,000000e+00
19560000;1,000000e+00
19570000;1,000000e+00
19580000;1,000000e+00
19590000;1,000000e+00
19600000;1,000000e+00
19610000;1,000000e+00
19620000;1,000000e+00
19630000;1,000000e+00
19640000;1,000000e+00
19650000;1,000000e+00
19660000;1,000000e+00
19670000;1,000000e+00
19680000;1,000000e+00
19690000;1,000000e+00
19700000;1,000000e+00
19710000;1,000000e+00
19720000;1,000000e+00
19730000;1,000000e+00
19740000;1,000000e+00
19750000;1,000000e+00
19760000;1,000000e+00
19770000;1,000000e+00
19780000;1,000000e+00
19790000;1,000000e+00
19800000;1,000000e+00
19810000;1,000000e+00
19820000;1,000000e+00
19830000;1,000000e+00
19840000;1,000000e+00
19850000;1,000000e+00
19860000;1,000000e+00
19870000;1,000000e+00
19880000;1,000000e+00
19890000;1,000000e+00
19900000;1,000000e+00
19910000;1,000000e+00
19920000;1,000000e+00
19930000;1,000000e+00
19940000;1,000000e+00
19950000;1,000000e+00
19960000;1,000000e+00
19970000;1,000000e+00
19980000;1,000000e+00
19990000;1,000000e+00
